ID,name,email,department,jobTitle
11,Indu,indhudande@company.com,,
1,Rahul,rahul@company.com,IT,Developer
2,Priya,priya@company.com,HR,HR Executive
3,Anil,anil@gmail.com,Finance,Accountant
4,Sneha,sneha@gmail.com,IT,Tester
5,Arjun,arjun@gmail.com,IT,Software Engineer
6,Neha,neha@gmail.com,HR,Recruiter
7,Kiran,kiran@gmail.com,Finance,Financial Analyst
8,Divya,divya@gmail.com,IT,Backend Developer
9,Rohit,rohit@gmail.com,Sales,Sales Executive
10,Anjali,anjali@gmail.com,Marketing,Marketing Executive